Workbook
Name Slicer_Channel: #N/A
Name Slicer_Month: #N/A
Name Slicer_Region: #N/A
Name Slicer_Region1: #N/A
Name Slicer_Region2: #N/A
Name Slicer_Year: #N/A

Sheet Raw_Data
A1: RAW DATA — 20_Marketing (Original Source)
A2: DO NOT MODIFY — preserved exactly as supplied by the lecturer.
A3: Campaign_ID | B3: Start_Date | C3: Channel | D3: Region | E3: Budget | F3: Leads | G3: Conversions
A4: CMP0268 | B4: 46077 | C4: Search | D4: Mogadishu | E4: 1902.8 | F4: 258 | G4: 58
A5: CMP0077 | B5: 46186 | D5: Mogadishu | E5: 2408.15 | F5: 408 | G5: 89
A6: CMP0207 | B6: 46153 | D6: Kismayo | E6: 2635.33 | F6: 573 | G6: 100
B7: 46005 | C7: Social Media | D7: Kismayo | E7: 3036.06 | F7: 350 | G7: 61
A8: CMP0089 | B8: 45732 | C8: Social Media | D8: Hargeisa | E8: 4857.89 | F8: 742 | G8: 131
A9: CMP0098 | B9: 45772 | C9: Influencer | E9: 2904.04 | F9: 2013 | G9: 81
A10: CMP0206 | B10: 46185 | C10: Search | D10: Garowe | E10: 518.97 | F10: 101 | G10: 20
A11: CMP0094 | B11: 46146 | C11: Influencer | D11: Hargeisa | E11: 3151.53 | F11: 510 | G11: 74
A12: CMP0270 | B12: 46093 | C12: Email | D12: Kismayo | E12: 2558.6 | F12: 542 | G12: 109
A13: CMP0132 | B13: 45886 | C13: Search | D13: Garowe | E13: 2993.64 | F13: 602 | G13: 170
A14: CMP0169 | B14: 45757 | C14: Social Media | D14: Hargeisa | E14: 3988.62 | F14: 656 | G14: 121
A15: CMP0082 | B15: 45888 | C15: Search | E15: 4275.45 | F15: 604 | G15: 169
A16: CMP0179 | B16: 46144 | C16: Search | D16: Garowe | E16: 2086.02 | F16: 273 | G16: 88
A17: CMP0083 | B17: 46100 | C17: Search | D17: Garowe | E17: 2263.59 | F17: 309 | G17: 69
A18: CMP0141 | B18: 45888 | C18: Search | D18: Garowe | E18: 2431.87 | F18: 576 | G18: 181
A19: CMP0005 | B19: 45681 | C19: Search | D19: Mogadishu | F19: 433 | G19: 113
A20: CMP0212 | B20: 45903 | C20: Unknown | D20: Mogadishu | E20: 3520.5 | F20: 659 | G20: 130
A21: CMP0049 | B21: 46153 | D21: Baidoa | E21: 4913.8 | F21: 799 | G21: 60
A22: CMP0281 | B22: 45860 | C22: Email | E22: 3753.98 | F22: 334 | G22: 55
A23: CMP0061 | B23: 45955 | C23: Search | D23: Mogadishu | E23: 457.9 | F23: 42 | G23: 10
A24: CMP0125 | B24: 46228 | C24: Search | D24: Hargeisa | E24: 4532.21 | F24: 843 | G24: 163
A25: CMP0266 | B25: 45811 | C25: Social Media | D25: Hargeisa | E25: 4633.21 | G25: 92
A26: CMP0050 | B26: 46168 | C26: Social Media | D26: Mogadishu | E26: 2503.33 | F26: 297 | G26: 53
A27: CMP0275 | C27: Influencer | D27: Mogadishu | E27: 2370.21 | F27: 553 | G27: 120
A28: CMP0160 | B28: 45834 | C28: Email | D28: Bosaso | E28: 4663.53 | F28: 641 | G28: 109
A29: CMP0239 | B29: 46005 | C29: Influencer | D29: Mogadishu | E29: 658.72 | F29: 52 | G29: 8
A30: CMP0119 | B30: 46056 | C30: Influencer | D30: Mogadishu | E30: 2413.8 | F30: 574 | G30: 95
A31: CMP0232 | B31: 45771 | C31: Social Media | D31: Baidoa | E31: 1496.59 | F31: 223 | G31: 36
A32: CMP0262 | B32: 46050 | C32: Influencer | E32: 3057.48 | F32: 503 | G32: 73
A33: CMP0291 | B33: 45662 | C33: Search | D33: Bosaso | F33: 118 | G33: 25
A34: CMP0152 | C34: Social Media | D34: Mogadishu | E34: 4668.73 | F34: 537 | G34: 48
A35: CMP0090 | B35: 45800 | C35: Influencer | D35: Hargeisa | E35: 994.02 | G35: 33
A36: CMP0271 | B36: 45988 | C36: Search | D36: Garowe | E36: 4865.12 | F36: 463 | G36: 137
A37: CMP0227 | B37: 46131 | C37: Email | D37: Mogadishu | E37: 2693.81 | F37: 533 | G37: 83
A38: CMP0238 | B38: 45678 | C38: Social Media | D38: Hargeisa | E38: 2861.6 | F38: 388 | G38: 63
A39: CMP0107 | B39: 45861 | C39: Search | D39: Garowe | E39: 480.1 | F39: 76 | G39: 16
A40: CMP0023 | B40: 45795 | C40: Search | D40: Baidoa | E40: 3712.61 | F40: 420
A41: CMP0195 | B41: 46155 | C41: Influencer | D41: Kismayo | E41: 1258.16 | F41: 155 | G41: 32
A42: CMP0042 | B42: 46021 | C42: Email | D42: Bosaso | E42: 2823.43 | F42: 539 | G42: 122
A43: CMP0182 | B43: 45909 | C43: Email | D43: Baidoa | E43: 4168.08 | F43: 815 | G43: 206
A44: CMP0164 | B44: 45674 | C44: Search | D44: Bosaso | E44: 1273.23 | F44: 305 | G44: 53
A45: CMP0041 | B45: 45890 | C45: search | D45: Bosaso | E45: 1245.83 | F45: 178 | G45: 60
A46: CMP0121 | B46: 45857 | D46: Mogadishu | E46: 4901.34 | F46: 892 | G46: 171
A47: CMP0033 | B47: 45867 | C47: Social Media | D47: Mogadishu | E47: 4346.26 | F47: 479
A48: CMP0003 | B48: 46036 | C48: Social Media | D48: Mogadishu | E48: 4817.75 | F48: 1049 | G48: 181
B49: 46003 | C49: Email | D49: Kismayo | E49: 851.41 | F49: 164 | G49: 35
A50: CMP0254 | B50: 45769 | C50: Email | D50: Mogadishu | E50: 1739.97 | F50: 404 | G50: 63
A51: CMP0095 | B51: 46050 | C51: Social Media | D51: Baidoa | E51: 4965.01 | F51: 1009 | G51: 151
A52: CMP0011 | B52: 46097 | C52: Email | D52: Kismayo | E52: 2058.15 | F52: 416 | G52: 83
B53: 46085 | C53: Search | D53: Baidoa | E53: 1936.71 | F53: 333 | G53: 59
A54: CMP0228 | B54: 45877 | C54: Social Media | D54: Garowe | E54: 1757.72 | F54: 287 | G54: 34
A55: CMP0198 | B55: 45938 | C55: Social Media | D55: mogadishu | E55: 2412.97 | F55: 271 | G55: 26
A56: CMP0231 | B56: 46153 | C56: Influencer | D56: Mogadishu | E56: 2457.49 | F56: 238 | G56: 42
A57: CMP0100 | C57: Email | D57: Bosaso | E57: 1910.65 | F57: 351 | G57: 62
A58: CMP0110 | B58: 45874 | C58: Social Media | D58: Kismayo | E58: 3357.04 | G58: 152
A59: CMP0115 | B59: 45818 | C59: Search | D59: Bosaso | E59: 3832.39 | F59: 350 | G59: 100
A60: CMP0288 | B60: 45850 | C60: Radio | D60: Kismayo | E60: 3023.16 | F60: 749 | G60: 40
A61: CMP0066 | B61: 46176 | C61: Social Media | D61: Hargeisa | F61: 334 | G61: 61
A62: CMP0264 | B62: 46155 | C62: Influencer | D62: Baidoa | E62: 3245.87 | F62: 388 | G62: 68
A63: CMP0187 | B63: 46219 | C63: Search | D63: Baidoa | E63: 595.54 | F63: 107 | G63: 17
A64: CMP0047 | C64: Search | D64: Hargeisa | E64: 4768.82 | F64: 674 | G64: 177
A65: CMP0088 | B65: 45748 | C65: Email | D65: Hargeisa | E65: 2339.96 | G65: 74
A66: CMP0051 | B66: 45906 | C66: SOCIAL MEDIA | D66: Bosaso | E66: 3682.58 | G66: 96
A67: CMP0092 | B67: 45675 | C67: Social Media | D67: Hargeisa | E67: 2407.33 | F67: 422 | G67: 86
A68: CMP0259 | B68: 45817 | C68: Social Media | D68: Baidoa | E68: 3733.62 | F68: 520 | G68: -4
A69: CMP0008 | B69: 45745 | C69: Search | D69: Mogadishu | E69: 461.86 | F69: 57 | G69: 13
A70: CMP0087 | B70: 46003 | C70: Search | D70: Mogadishu | E70: 3032.49 | F70: 397 | G70: 98
A71: CMP0058 | B71: 45728 | C71: Radio | D71: Kismayo | E71: 1656.74 | F71: 182 | G71: 12
A72: CMP0073 | B72: 46017 | C72: Email | D72: Hargeisa | E72: 2655.84 | F72: 282 | G72: 45
A73: CMP0269 | B73: 45838 | C73: Email | D73: Kismayo | E73: 2067.63 | F73: 379 | G73: 91
A74: CMP0083 | B74: 46100 | C74: Search | D74: Garowe | E74: 2263.59 | F74: 309 | G74: 69
B75: 45894 | C75: Email | D75: Baidoa | E75: 2644.89 | F75: 432 | G75: 79
A76: CMP0134 | B76: 45789 | C76: Social Media | D76: Hargeisa | E76: 3026.05 | F76: 589 | G76: 88
A77: CMP0032 | B77: 46115 | C77: Search | D77: Mogadishu | F77: 471 | G77: 112
A78: CMP0199 | B78: 45878 | C78: Radio | E78: 10024 | F78: 220 | G78: 32
A79: CMP0017 | C79: Influencer | D79: Mogadishu | E79: 4719.42 | F79: 1169 | G79: 210
A80: CMP0144 | B80: 45715 | C80: Email | D80: Baidoa | E80: 4203.28 | F80: 361 | G80: 72
A81: CMP0018 | B81: 46200 | C81: Search | D81: Baidoa | E81: 464.54 | F81: 76 | G81: 20
A82: CMP0043 | B82: 46103 | C82: Email | D82: Mogadishu | F82: 372 | G82: 78
A83: CMP0257 | B83: 46006 | D83: Mogadishu | E83: 2374.51 | F83: 537 | G83: 112
A84: CMP0217 | B84: 45673 | C84: Email | D84: Hargeisa | E84: 1178.29 | F84: 174 | G84: 38
A85: CMP0139 | B85: 45734 | C85: Influencer | D85: Mogadishu | E85: 1857.7 | F85: 309 | G85: 42
A86: CMP0204 | B86: 46053 | D86: Hargeisa | E86: 3708.29 | F86: 637 | G86: 77
A87: CMP0086 | B87: 45910 | C87: Search | D87: Mogadishu | E87: 1245.05 | F87: 135 | G87: 28
A88: CMP0180 | B88: 45744 | C88: Social Media | D88: Garowe | E88: 2426.45 | F88: 221 | G88: 54
A89: CMP0214 | B89: 46063 | C89: Radio | D89: Kismayo | E89: 1395.38 | F89: 115 | G89: 14
A90: CMP0210 | B90: 46179 | C90: Email | D90: Hargeisa | E90: 2959.61 | F90: 393 | G90: 75
A91: CMP0075 | B91: 46232 | C91: Influencer | D91: Garowe | E91: 3750.07 | F91: 877 | G91: 221
A92: CMP0173 | B92: 46101 | C92: Radio | D92: Mogadishu | E92: 3169.93 | F92: 615 | G92: 62
A93: CMP0159 | B93: 45870 | C93: Social Media | D93: Hargeisa | E93: 430.74 | F93: 79 | G93: 12
A94: CMP0181 | B94: 46164 | C94: Search | D94: Baidoa | E94: 1524.32 | F94: 371 | G94: 104
A95: CMP0194 | B95: 46176 | C95: Email | D95: Bosaso | E95: 2937.63 | G95: 154
A96: CMP0060 | B96: 45906 | C96: Email | D96: Bosaso | E96: 1901.11 | F96: 362 | G96: 73
A97: CMP0185 | B97: 45834 | C97: Influencer | D97: Mogadishu | E97: 2155.5 | F97: 224 | G97: 44
A98: CMP0093 | B98: 45949 | C98: Influencer | D98: Baidoa | E98: 279 | F98: 43 | G98: 8
A99: CMP0272 | B99: 45767 | C99: Social Media | D99: bosaso | E99: 617.57 | F99: 96 | G99: 17
A100: CMP0201 | B100: 45878 | C100: Email | D100: Mogadishu | E100: 1552.76 | F100: 314 | G100: 39
...

Sheet Clean_Data
A1: CLEAN DATA — Standardized & Analysis-Ready
A3: Campaign_ID | B3: Start_Date | C3: Channel | D3: Region | E3: Budget | F3: Leads | G3: Conversions | H3: Year | I3: Month | J3: Conversion_Rate | K3: Campaign_Performance | L3: Cost_per_Lead | M3: Cost_per_Conversion | O3: CLEANING LOG
A4: CMP0268 | B4: 46077 | C4: Search | D4: Mogadishu | E4: 1902.8 | F4: 258 | G4: 58 | H4: 2026 | I4: 2 | J4: 0.2248062 | K4: High | L4: 7.3751938 | M4: 32.806897 | O4: Duplicate records removed | P4: 7
A5: CMP0077 | B5: 46186 | C5: Unknown | D5: Mogadishu | E5: 2408.15 | F5: 408 | G5: 89 | H5: 2026 | I5: 6 | J5: 0.21813725 | K5: High | L5: 5.9023284 | M5: 27.057865 | O5: Original records | P5: 300
A6: CMP0207 | B6: 46153 | C6: Unknown | D6: Kismayo | E6: 2635.33 | F6: 573 | G6: 100 | H6: 2026 | I6: 5 | J6: 0.17452007 | K6: Low | L6: 4.5991798 | M6: 26.3533 | O6: Clean records | P6: 293
A7: NEW0001 | B7: 46005 | C7: Social Media | D7: Kismayo | E7: 3036.06 | F7: 350 | G7: 61 | H7: 2025 | I7: 12 | J7: 0.17428571 | K7: Low | L7: 8.6744571 | M7: 49.771475 | O7: Missing categorical values | P7: Filled with Unknown
A8: CMP0089 | B8: 45732 | C8: Social Media | D8: Hargeisa | E8: 4857.89 | F8: 742 | G8: 131 | H8: 2025 | I8: 3 | J8: 0.17654987 | K8: Low | L8: 6.5470216 | M8: 37.08313 | O8: Missing numeric values | P8: Filled with median
A9: CMP0098 | B9: 45772 | C9: Influencer | D9: Unknown | E9: 2904.04 | F9: 2013 | G9: 81 | H9: 2025 | I9: 4 | J9: 0.04023845 | K9: Low | L9: 1.4426428 | M9: 35.852346 | O9: Missing dates | P9: Filled with median date
A10: CMP0206 | B10: 46185 | C10: Search | D10: Garowe | E10: 518.97 | F10: 101 | G10: 20 | H10: 2026 | I10: 6 | J10: 0.1980198 | K10: High | L10: 5.1383168 | M10: 25.9485 | O10: Text standardization | P10: TRIM + case normalization
A11: CMP0094 | B11: 46146 | C11: Influencer | D11: Hargeisa | E11: 3151.53 | F11: 510 | G11: 74 | H11: 2026 | I11: 5 | J11: 0.14509804 | K11: Low | L11: 6.1794706 | M11: 42.588243 | O11: Derived fields | P11: Year, Month, Conversion Rate, Performance, Cost metrics
A12: CMP0270 | B12: 46093 | C12: Email | D12: Kismayo | E12: 2558.6 | F12: 542 | G12: 109 | H12: 2026 | I12: 3 | J12: 0.20110701 | K12: High | L12: 4.7206642 | M12: 23.473394
A13: CMP0132 | B13: 45886 | C13: Search | D13: Garowe | E13: 2993.64 | F13: 602 | G13: 170 | H13: 2025 | I13: 8 | J13: 0.28239203 | K13: High | L13: 4.9728239 | M13: 17.609647
A14: CMP0169 | B14: 45757 | C14: Social Media | D14: Hargeisa | E14: 3988.62 | F14: 656 | G14: 121 | H14: 2025 | I14: 4 | J14: 0.18445122 | K14: Low | L14: 6.0802134 | M14: 32.963802
A15: CMP0082 | B15: 45888 | C15: Search | D15: Unknown | E15: 4275.45 | F15: 604 | G15: 169 | H15: 2025 | I15: 8 | J15: 0.27980132 | K15: High | L15: 7.0785596 | M15: 25.298521
A16: CMP0179 | B16: 46144 | C16: Search | D16: Garowe | E16: 2086.02 | F16: 273 | G16: 88 | H16: 2026 | I16: 5 | J16: 0.32234432 | K16: High | L16: 7.6410989 | M16: 23.704773
A17: CMP0083 | B17: 46100 | C17: Search | D17: Garowe | E17: 2263.59 | F17: 309 | G17: 69 | H17: 2026 | I17: 3 | J17: 0.22330097 | K17: High | L17: 7.325534 | M17: 32.805652
A18: CMP0141 | B18: 45888 | C18: Search | D18: Garowe | E18: 2431.87 | F18: 576 | G18: 181 | H18: 2025 | I18: 8 | J18: 0.31423611 | K18: High | L18: 4.2219965 | M18: 13.435746
A19: CMP0005 | B19: 45681 | C19: Search | D19: Mogadishu | E19: 2869.495 | F19: 433 | G19: 113 | H19: 2025 | I19: 1 | J19: 0.26096998 | K19: High | L19: 6.6270092 | M19: 25.393761
A20: CMP0212 | B20: 45903 | C20: Unknown | D20: Mogadishu | E20: 3520.5 | F20: 659 | G20: 130 | H20: 2025 | I20: 9 | J20: 0.19726859 | K20: High | L20: 5.3421851 | M20: 27.080769
A21: CMP0049 | B21: 46153 | C21: Unknown | D21: Baidoa | E21: 4913.8 | F21: 799 | G21: 60 | H21: 2026 | I21: 5 | J21: 0.075093867 | K21: Low | L21: 6.1499374 | M21: 81.896667
A22: CMP0281 | B22: 45860 | C22: Email | D22: Unknown | E22: 3753.98 | F22: 334 | G22: 55 | H22: 2025 | I22: 7 | J22: 0.16467066 | K22: Low | L22: 11.239461 | M22: 68.254182
A23: CMP0061 | B23: 45955 | C23: Search | D23: Mogadishu | E23: 457.9 | F23: 42 | G23: 10 | H23: 2025 | I23: 10 | J23: 0.23809524 | K23: High | L23: 10.902381 | M23: 45.79
... A296: CMP0037 | B296: 45887 | C296: Influencer | D296: Unknown | E296: 4177.41 | F296: 427 | G296: 69 | H296: 2025 | I296: 8 | J296: 0.16159251 | K296: Low | L296: 9.7831616 | M296: 60.542174
E302: =SUM(E4:E296) -> 821022.84

Sheet Sheet9
A3: Row Labels | B3: Sum of Budget
A4: Email | B4: 112384.87
A5: Influencer | B5: 101777.99
A6: Radio | B6: 109347.25
A7: Search | B7: 210050.28
A8: Social Media | B8: 233155.52
A9: Unknown | B9: 54306.93
A10: Grand Total | B10: 821022.83
A21: Row Labels | B21: Count of Region
A22: 2025 | B22: 190
A23: 2026 | B23: 103
A24: Grand Total | B24: 293

Sheet dhasbord2

Sheet Analysis
A1: ANALYSIS — Formula Demonstration & Key Metrics
A3: Metric | B3: Formula | C3: Result | E3: REQUIRED FUNCTIONS
A4: Total Budget | B4: =SUM(Clean_Data!E4:E296) -> 821022.84 | C4: =SUM(Clean_Data!E4:E296) -> 821022.84 | E4: SUM | F4: =SUM(Clean_Data!E4:E296) -> 821022.84 | G4: Total budget
A5: Average Budget | B5: =AVERAGE(Clean_Data!E4:E296) -> 2802.1257 | C5: =AVERAGE(Clean_Data!E4:E296) -> 2802.1257 | E5: AVERAGE | F5: =AVERAGE(Clean_Data!E4:E296) -> 2802.1257 | G5: Average budget
A6: Campaign Records | B6: =COUNT(Clean_Data!E4:E296) -> 293 | C6: =COUNT(Clean_Data!E4:E296) -> 293 | E6: COUNT | F6: =COUNT(Clean_Data!E4:E296) -> 293 | G6: Count
A7: Minimum Budget | B7: =MIN(Clean_Data!E4:E296) -> -9 | C7: =MIN(Clean_Data!E4:E296) -> -9 | E7: MIN | F7: =MIN(Clean_Data!E4:E296) -> -9 | G7: Minimum
A8: Maximum Budget | B8: =MAX(Clean_Data!E4:E296) -> 10024 | C8: =MAX(Clean_Data!E4:E296) -> 10024 | E8: MAX | F8: =MAX(Clean_Data!E4:E296) -> 10024 | G8: Maximum
A9: Total Leads | B9: =SUM(Clean_Data!F4:F296) -> 134724 | C9: =SUM(Clean_Data!F4:F296) -> 134724 | E9: SUMIF | F9: =SUMIF(Clean_Data!C4:C296,"Search",Clean_Data!E4:E296) -> 210050.28 | G9: Search budget
A10: Total Conversions | B10: =SUM(Clean_Data!G4:G296) -> 24658 | C10: =SUM(Clean_Data!G4:G296) -> 24658 | E10: COUNTIF | F10: =COUNTIF(Clean_Data!C4:C296,"Search") -> 81 | G10: Search campaigns
A11: Overall Conversion Rate | B11: =SUM(Clean_Data!G4:G296)/SUM(Clean_Data!F4:F296) -> 0.18302604 | C11: =SUM(Clean_Data!G4:G296)/SUM(Clean_Data!F4:F296) -> 0.18302604 | E11: AVERAGEIF | F11: =AVERAGEIF(Clean_Data!C4:C296,"Search",Clean_Data!E4:E296) -> 2593.2134 | G11: Average Search budget
A12: Average Conversion Rate | B12: =AVERAGE(Clean_Data!J4:J296) -> 0.19664224 | C12: =AVERAGE(Clean_Data!J4:J296) -> 0.19664224 | E12: IF | F12: =IF(J4>=0.2,"High","Low") -> Low | G12: Performance classification
A13: Average Cost/Lead | B13: =AVERAGE(Clean_Data!L4:L296) -> 7.0090318 | C13: =AVERAGE(Clean_Data!L4:L296) -> 7.0090318 | E13: AND | F13: =IF(AND(J4>=0.2,L4<5),"Efficient","Review") -> Review | G13: Combined logic
E14: TODAY | F14: =TODAY() -> 46261 | G14: Current date
E15: YEAR | F15: =YEAR(B4) -> 4147 | G15: Year
E16: MONTH | F16: =MONTH(B4) -> 11 | G16: Month
E17: DAY | F17: =DAY(B4) -> 17 | G17: Day
E18: NETWORKDAYS | F18: =NETWORKDAYS(B4,TODAY()) -> -553402 | G18: Working days
E19: TRIM | F19: =TRIM(C4) -> 821022.835000001 | G19: Text spaces
E20: UPPER | F20: =UPPER(C4) -> 821022.835000001 | G20: Uppercase
E21: PROPER | F21: =PROPER(D4) | G21: Proper case
E22: SUBSTITUTE | F22: =SUBSTITUTE(C4," ","_") -> 821022.835000001 | G22: Replace text

Sheet PivotTables
A1: PIVOTTABLES — Marketing Performance
A2: These summaries are PivotTable-ready: Rows / Columns / Values / Filters are documented below.
I3: Filter
A4: PIVOT 1 — CHANNEL PERFORMANCE | I4: Year | J4: - all -
A5: Channel | B5: Campaigns | C5: Budget | D5: Leads | E5: Conversions | F5: Conversion Rate
A6: Email | B6: 41 | C6: 112384.87 | D6: 18307 | E6: 3724 | F6: 0.20341946 | I6: Channel | J6: Data
A7: Influencer | B7: 37 | C7: 101777.99 | D7: 17241 | E7: 2755 | F7: 0.15979352 | I7: Email | J7: Sum - Budget | K7: 112384.87
A8: Radio | B8: 34 | C8: 109347.26 | D8: 16636 | E8: 1780 | F8: 0.10699687 | J8: Sum - Leads | K8: 18307
A9: Search | B9: 81 | C9: 210050.29 | D9: 36249 | E9: 8434 | F9: 0.23266849 | J9: Sum - Conversions | K9: 3724
A10: Social Media | B10: 82 | C10: 233155.52 | D10: 36259 | E10: 5765 | F10: 0.15899501 | I10: Influencer | J10: Sum - Budget | K10: 101777.99
A11: Unknown | B11: 18 | C11: 54306.93 | D11: 10032 | E11: 2200 | F11: 0.21929825 | J11: Sum - Leads | K11: 17241
J12: Sum - Conversions | K12: 2755
I13: Radio | J13: Sum - Budget | K13: 109347.26
A14: PIVOT 2 — REGIONAL PERFORMANCE | J14: Sum - Leads | K14: 16636
A15: Region | B15: Campaigns | C15: Budget | D15: Leads | E15: Conversions | F15: Conversion Rate | J15: Sum - Conversions | K15: 1780
A16: Baidoa | B16: 29 | C16: 88381.47 | D16: 13288 | E16: 2533 | F16: 0.19062312 | I16: Search | J16: Sum - Budget | K16: 210050.29
A17: Bosaso | B17: 38 | C17: 99953.34 | D17: 16808 | E17: 3457 | F17: 0.20567587 | J17: Sum - Leads | K17: 36249
A18: Garowe | B18: 26 | C18: 73376.21 | D18: 11888 | E18: 2405 | F18: 0.20230485 | J18: Sum - Conversions | K18: 8434
A19: Hargeisa | B19: 59 | C19: 168177.14 | D19: 26153 | E19: 4565 | F19: 0.17454976 | I19: Social Media | J19: Sum - Budget | K19: 233155.52
A20: Kismayo | B20: 32 | C20: 86475.55 | D20: 14361 | E20: 2634 | F20: 0.18341341 | J20: Sum - Leads | K20: 36259
A21: Mogadishu | B21: 93 | C21: 253404.54 | D21: 44435 | E21: 7942 | F21: 0.17873298 | I21: Filter
A22: Unknown | B22: 16 | C22: 51254.58 | D22: 7791 | E22: 1122 | F22: 0.14401232 | I22: Channel | J22: - all -
I24: Region | J24: Data
A25: PIVOT 3 — YEAR PERFORMANCE | I25: Baidoa | J25: Sum - Budget | K25: 88381.47
A26: Year | B26: Campaigns | C26: Budget | D26: Leads | E26: Conversions | F26: Conversion Rate | J26: Sum - Leads | K26: 13288
A27: 2025 | B27: 190 | C27: 534903.77 | D27: 87542 | E27: 15533 | F27: 0.17743483 | J27: Sum - Conversions | K27: 2533
A28: 2026 | B28: 103 | C28: 286119.07 | D28: 47182 | E28: 9125 | F28: 0.19340003 | I28: Bosaso | J28: Sum - Budget | K28: 99953.34
J29: Sum - Leads | K29: 16808
J30: Sum - Conversions | K30: 3457
A31: PIVOT 4 — MONTHLY PERFORMANCE | I31: Garowe | J31: Sum - Budget | K31: 73376.21
A32: MonthName | B32: Leads | C32: Conversions | J32: Sum - Leads | K32: 11888
A33: January | B33: 14257 | C33: 3027 | J33: Sum - Conversions | K33: 2405
A34: February | B34: 10929 | C34: 1711 | I34: Hargeisa | J34: Sum - Budget | K34: 168177.14
A35: March | B35: 14672 | C35: 2689 | J35: Sum - Leads | K35: 26153
A36: April | B36: 13562 | C36: 2395 | J36: Sum - Conversions | K36: 4565
A37: May | B37: 13348 | C37: 2209 | I37: Kismayo | J37: Sum - Budget | K37: 86475.55
A38: June | B38: 10159 | C38: 2016 | J38: Sum - Leads | K38: 14361
A39: July | B39: 16763 | C39: 2863 | I39: Filter
A40: August | B40: 7455 | C40: 1622 | I40: Region | J40: - all -
A41: September | B41: 8354 | C41: 1605
A42: October | B42: 11752 | C42: 2038 | I42: Year | J42: Data
A43: November | B43: 4767 | C43: 892 | I43: 2025 | J43: Sum - Budget | K43: 534903.77
A44: December | B44: 8706 | C44: 1591 | J44: Sum - Leads | K44: 87542
J45: Sum - Conversions | K45: 15533
I46: 2026 | J46: Sum - Budget | K46: 286119.07
A47: PIVOTTABLE FIELD LAYOUTS | J47: Sum - Leads | K47: 47182
A48: Channel | B48: Rows = Channel | Values = Sum Budget, Sum Leads, Sum Conversions | Filter = Year | J48: Sum - Conversions | K48: 9125
A49: Region | B49: Rows = Region | Values = Sum Budget, Sum Leads, Sum Conversions | Filter = Channel | I49: Total Sum - Budget | K49: 821022.84
A50: Year | B50: Rows = Year | Values = Sum Budget, Sum Leads, Sum Conversions | Filter = Region | I50: Total Sum - Leads | K50: 134724
A51: Month | B51: Rows = Month | Values = Sum Leads, Sum Conversions | Filter = Channel | I51: Total Sum - Conversions | K51: 24658
I55: Filter
I56: Channel | J56: - all -
I58: Month | J58: Data
I59: 1 | J59: Sum - Leads | K59: 14257
J60: Sum - Conversions | K60: 3027
I61: 2 | J61: Sum - Leads | K61: 10929
J62: Sum - Conversions | K62: 1711
I63: 3 | J63: Sum - Leads | K63: 14672
J64: Sum - Conversions | K64: 2689
I65: 4 | J65: Sum - Leads | K65: 13562
J66: Sum - Conversions | K66: 2395
I67: 5 | J67: Sum - Leads | K67: 13348
J68: Sum - Conversions | K68: 2209
I69: 6 | J69: Sum - Leads | K69: 10159
J70: Sum - Conversions | K70: 2016
I71: 7 | J71: Sum - Leads | K71: 16763
J72: Sum - Conversions | K72: 2863
I73: 8 | J73: Sum - Leads | K73: 7455
J74: Sum - Conversions | K74: 1622
I75: 9 | J75: Sum - Leads | K75: 8354
J76: Sum - Conversions | K76: 1605
I77: 10 | J77: Sum - Leads | K77: 11752
J78: Sum - Conversions | K78: 2038
I79: 11 | J79: Sum - Leads | K79: 4767
J80: Sum - Conversions | K80: 892
I81: 12 | J81: Sum - Leads | K81: 8706
J82: Sum - Conversions | K82: 1591
I83: Total Sum - Leads | K83: 134724
I84: Total Sum - Conversions | K84: 24658

Sheet Dashboard1
A1: MARKETING EFFICIENCY DASHBOARD
A4: TOTAL BUDGET | D4: TOTAL LEADS | G4: TOTAL CONVERSIONS | J4: CONVERSION RATE
A5: =Analysis!C4 -> 821022.84 | D5: =Analysis!C9 -> 134724 | G5: =Analysis!C10 -> 24658 | J5: =Analysis!C11 -> 0.18302604
A9: Channel | B9: Cost / Lead | C9: Cost / Conversion | E9: Month | F9: Conversions | I9: Region | J9: Conversion Rate
A10: Row Labels | B10: Count of Channel | E10: Row Labels | F10: Sum of Month | I10: Row Labels | J10: Count of Region | K10: Sum of Budget
A11: Email | B11: 5 | E11: Baidoa | F11: 174 | I11: Baidoa | J11: 9 | K11: 25952.7
A12: Influencer | B12: 3 | E12: Bosaso | F12: 219 | I12: Bosaso | J12: 11 | K12: 30320.475
A13: Radio | B13: 6 | E13: Garowe | F13: 154 | I13: Garowe | J13: 12 | K13: 32950.06
A14: Search | B14: 8 | E14: Hargeisa | F14: 359 | I14: Hargeisa | J14: 18 | K14: 57982.595
A15: Social Media | B15: 8 | E15: Kismayo | F15: 200 | I15: Kismayo | J15: 11 | K15: 24963.975
A16: Unknown | B16: 2 | E16: Mogadishu | F16: 529 | I16: Mogadishu | J16: 36 | K16: 103130.65
A17: Grand Total | B17: 32 | E17: Unknown | F17: 94 | I17: Unknown | J17: 6 | K17: 10818.61
E18: Grand Total | F18: 1729 | I18: Grand Total | J18: 103 | K18: 286119.06

Sheet Findings
A1: FINDINGS & RECOMMENDATIONS
A4: FINDINGS
A5: 1. Search generated the highest conversion volume (8,434) among the channels.
A6: 2. Radio had the lowest conversion rate (10.7%) among the channels, indicating an area for optimization.
A7: 3. Bosaso recorded the strongest regional conversion rate (20.6%).
A8: 4. Total cleaned campaigns = 293; duplicate records removed = 7.
A9: 5. Overall conversion rate is 18.3%, giving management a high-level efficiency benchmark.
A12: RECOMMENDATIONS
A13: 1. Gradually increase investment in high-performing channels such as Search, while monitoring cost per lead and conversion rate.
A14: 2. Review the Radio campaign strategy, creative, targeting and landing experience to improve conversion efficiency.
A15: 3. Document and replicate the practices used in Bosaso where conversion efficiency is strongest, then test them in other regions.
A18: PROJECT WORKFLOW
A19: RAW DATA → CLEAN DATA → FORMULAS → PIVOTTABLES → CHARTS → KPIs → SLICERS → DASHBOARDS → FINDINGS → RECOMMENDATIONS
